[
  {
    "icon": "fa fa-home",
    "slug": "external",
    "title": "Volver al inicio",
    "path": "index.html"
  },   
  {
    "id": 0,
    "icon": "fa fa-play",
    "slug": "introduccion",
    "title": "Introducción",
    "breadcrumb": ["Inicio","Introducción"],
    "path": "pages/introduccion.html"
  },
  {
    "id": 1,
    "icon": "fa fa-file-text",
    "slug": "plan_estrategico_organizacional",
    "title": "1. Plan estratégico organizacional",
    "breadcrumb": ["Inicio","Plan estratégico organizacional"],
    "path": "pages/tema-1.html",    
    "submenu": [
      {
        "icon": "fa fa-file-text",
        "slug": "plan_estrategico_organizacional",
        "title": "1.1 Análisis de la situación del entorno",
        "anchor": "tema1_1"
      }, 
      {
        "icon": "fa fa-file-text",
        "slug": "plan_estrategico_organizacional",
        "title": "1.2 Análisis FLOR - PESTEL- CAME.",
        "anchor": "tema1_2"
      },  
      {
        "icon": "fa fa-file-text",
        "slug": "plan_estrategico_organizacional",
        "title": "1.3 Decisiones estratégicas",
        "anchor": "tema1_3"
      }    
    ]   
  },
  {
    "id": 2,
    "icon": "fa fa-file-text",
    "slug": "estrategias_marketing_digital",
    "title": "2. Estrategias de marketing digital",
    "breadcrumb": ["Inicio","Estrategias de marketing digital"],
    "path": "pages/tema-2.html",
    "submenu": [
      {
        "icon": "fa fa-file-text",
        "slug": "estrategias_marketing_digital",
        "title": "2.1 Objetivos de marketing digital",
        "anchor": "tema2_1"
      }, 
      {
        "icon": "fa fa-file-text",
        "slug": "estrategias_marketing_digital",
        "title": "2.2 Estrategias de Porter",
        "anchor": "tema2_2"
      }    
    ]   
  },
  {
    "id": 3,
    "icon": "fa fa-file-text",
    "slug": "segmentacion_mercados",
    "title": "3. Segmentación de mercados",
    "breadcrumb": ["Inicio", "Segmentación de mercados"],
    "path": "pages/tema-3.html",
    "submenu": [
      {
        "icon": "fa fa-file-text",
        "slug": "segmentacion_mercados",
        "title": "3.1 Etapas del proceso de segmentación",
        "anchor": "tema3_1"
      },
      {
        "icon": "fa fa-file-text",
        "slug": "segmentacion_mercados",
        "title": "3.2 Criterios de segmentación",
        "anchor": "tema3_2"
      },
      {
        "icon": "fa fa-file-text",
        "slug": "segmentacion_mercados",
        "title": "3.3 Macro y microsegmentación",
        "anchor": "tema3_3"
      } 
    ]   
  },
  {
    "id": 4,
    "icon": "fa fa-file-text",
    "slug": "comunicacion_marketing_digital",
    "title": "4. Comunicación de marketing digital",
    "breadcrumb": ["Inicio","Comunicación de marketing digital"],
    "path": "pages/tema-4.html",
    "submenu": [
      {
        "icon": "fa fa-file-text",
        "slug": "comunicacion_marketing_digital",
        "title": "4.1 Elección del público objetivo",
        "anchor": "tema4_1"
      },
      {
        "icon": "fa fa-file-text",
        "slug": "comunicacion_marketing_digital",
        "title": "4.2 E-marketing: fundamentos",
        "anchor": "tema4_2"
      },
      {
        "icon": "fa fa-file-text",
        "slug": "comunicacion_marketing_digital",
        "title": "4.3 Estrategias para e-marketing",
        "anchor": "tema4_3"
      } 
    ]
  }  
]